<?xml version="1.0" encoding="ISO-8859-1" ?>
<!DOCTYPE package SYSTEM "package.dtd">
<package version="1.0">
  <name>PEAR</name>
  <summary>PEAR Base System</summary>
  <description>The PEAR package contains:
 * the PEAR base class
 * the PEAR_Error error handling mechanism
 * the PEAR command-line toolkit, for creating, distributing
   and installing packages
</description>
  <license>PHP License</license>
  <maintainers>
    <maintainer>
      <user>ssb</user>
      <role>lead</role>
      <name>Stig S�ther Bakken</name>
      <email>stig@php.net</email>
    </maintainer>
    <maintainer>
      <user>cox</user>
      <role>developer</role>
      <name>Tomas V.V.Cox</name>
      <email>cox@idecnet.com</email>
    </maintainer>
  </maintainers>
  <release>
    <version>0.9</version>
    <state>stable</state>
    <date>2002-04-07</date>
    <notes>
First package release.  Commands implemented:
   remote-package-info
   list-upgrades
   list-remote-packages
   config-show
   config-get
   config-set
   list-installed
   shell-test
   install
   uninstall
   upgrade
   package
   package-list
   package-info
   login
   logout
</notes>
    <filelist>
      <file role="php" name="PEAR.php"/>
      <dir name="PEAR">
	<file role="php" name="Autoloader.php"/>
	<file role="php" name="Command.php"/>
	<dir name="Command">
	  <file role="php" name="Auth.php"/>
	  <file role="php" name="Common.php"/>
	  <file role="php" name="Config.php"/>
	  <file role="php" name="Install.php"/>
	  <file role="php" name="Package.php"/>
	  <file role="php" name="Registry.php"/>
	  <file role="php" name="Remote.php"/>
	</dir>
	<file role="php" name="Common.php"/>
	<file role="php" name="Config.php"/>
	<file role="php" name="Dependency.php"/>
	<dir name="Frontend">
	  <file role="php" name="CLI.php"/>
	</dir>
	<file role="php" name="Installer.php"/>
	<file role="php" name="Packager.php"/>
	<file role="php" name="Registry.php"/>
	<file role="php" name="Remote.php"/>
      </dir>
      <dir name="scripts">
	<file baseinstalldir="/" role="script" install-as="pear" name="pear.in">
          <replace from="@prefix@" to="PHP_PREFIX" type="pear-config"/>
        </file>
      </dir>
    </filelist>
  </release>
</package>
