<?xml version="1.0" encoding="UTF-8"?>
<!DOCTYPE Package SYSTEM "F:\cvs\php4\pear\package.dtd">
<Package Type="Source">
	<Name>IT[X] Template</Name>
	<Summary>Easy to use preg_* based template system.</Summary>
	<Maintainer>
		<Initials>uw</Initials>
		<Name>Ulf Wendel</Name>
		<Email>ulf.wendel@phpdoc.de</Email>
	</Maintainer>
	<Release>
		<Version>1.1</Version>
		<Date>2001/03/27</Date>
		<Notes>some IT[X] methods seem to be broken</Notes>
	</Release>
	<FileList>
		<File>HTML/IT.php</File>
		<File>HTML/ITX.php</File>
		<File>HTML/IT_Error.php</File>
	</FileList>
</Package>
